record_id,record_type,call_state,date,start_time,end_time,call_id,caller_uri,caller_number,caller_ip,caller_port,callee_uri,callee_number,callee_ip,callee_port,duration,setup_time,status_code,status_text,termination_reason,invite_time,ringing_time,answer_time,bye_time,call_type,codec,user_agent,contact,expires,message_body,server_ip,server_port,cseq,extra_info
20251030000026000013,REGISTER,SUCCESS,2025-10-30,00:00:26,00:00:26,a6t79BSchY3CH7NLxM90oA..,sip:1001@192.168.8.126,1001,192.168.8.129,61903,,,,,,,200,OK,,,,,,,,Zoiper v2.10.20.4_1,sip:1001@192.168.8.129:61903;rinstance=a55f63249ebdc1d7;transport=UDP,60,,192.168.8.126,5060,3 REGISTER,
20251030000028000015,REGISTER,SUCCESS,2025-10-30,00:00:28,00:00:28,gfxCJCz4Pv,sip:1006@192.168.8.126,1006,192.168.8.129,56318,,,,,,,200,OK,,,,,,,,LinphoneiOS/6.0.2 (iPhone) LinphoneSDK/5.4.46-1-g27e010d14,sip:1006@192.168.8.129:56318;transport=udp,3600,,192.168.8.126,5060,21 REGISTER,
20251030000032000017,REGISTER,SUCCESS,2025-10-30,00:00:32,00:00:32,VpfrpW1TTICtPV4SSDdzwQ..,sip:1004@192.168.8.126,1004,192.168.8.129,5960,,,,,,,200,OK,,,,,,,,PortSIP UC Client iOS - v12.4.1,sip:1004@192.168.8.129:5960,90,,192.168.8.126,5060,2 REGISTER,
20251030000034000018,REGISTER,SUCCESS,2025-10-30,00:00:34,00:00:34,Wn2KK2Agv2,sip:1006@192.168.8.126,1006,192.168.8.129,50231,,,,,,,200,OK,,,,,,,,LinphoneiOS/6.0.2 (iPhone) LinphoneSDK/5.4.46-1-g27e010d14,sip:1006@192.168.8.129:50231;transport=udp,3600,,192.168.8.126,5060,21 REGISTER,
20251030000038000019,CALL,ENDED,2025-10-30,00:00:38,00:01:13,MZbmztYT0J,"""1006"" <sip:1006@192.168.8.126>;tag=~~iZZNHyW",1006,192.168.8.129,50231,sip:1002@192.168.8.126,1002,192.168.8.120,48494,31.21,3.94s,200,OK,Normal,00:00:38.569,,00:00:42.511,00:01:13.725,AUDIO+VIDEO,"telephone-event, VP8",LinphoneiOS/6.0.2 (iPhone) LinphoneSDK/5.4.46-1-g27e010d14,,,,192.168.8.126,5060,23 BYE,
20251030000119000024,CALL,ENDED,2025-10-30,00:01:19,00:01:46,sV9TOpXK2U,"""1006"" <sip:1006@192.168.8.126>;tag=Vs17Loa-6",1006,192.168.8.129,50231,sip:1002@192.168.8.126,1002,192.168.8.120,48494,22.66,4.88s,200,OK,Normal,00:01:19.216,,00:01:24.093,00:01:46.749,AUDIO+VIDEO,"telephone-event, VP8",LinphoneiOS/6.0.2 (iPhone) LinphoneSDK/5.4.46-1-g27e010d14,,,,192.168.8.126,5060,2 BYE,
20251030000151000027,CALL,ENDED,2025-10-30,00:01:51,00:02:24,mo~pStIjBk,"""1006"" <sip:1006@192.168.8.126>;tag=1ZiHJJ~Dk",1006,192.168.8.129,50231,sip:1002@192.168.8.126,1002,192.168.8.120,48494,31.6,2.35s,200,OK,Normal,00:01:51.037,,00:01:53.391,00:02:24.994,AUDIO+VIDEO,"telephone-event, VP8",LinphoneiOS/6.0.2 (iPhone) LinphoneSDK/5.4.46-1-g27e010d14,,,,192.168.8.126,5060,21 BYE,
20251030000231000033,REGISTER,SUCCESS,2025-10-30,00:02:31,00:02:31,FPjwCdOfOp,sip:1006@192.168.8.126,1006,192.168.8.129,54072,,,,,,,200,OK,,,,,,,,LinphoneiOS/6.0.2 (iPhone) LinphoneSDK/5.4.46-1-g27e010d14,sip:1006@192.168.8.129:54072;transport=udp,3600,,192.168.8.126,5060,21 REGISTER,
20251030000239000037,CALL,ENDED,2025-10-30,00:02:39,00:04:33,ZSo82BAF42,"""1006"" <sip:1006@192.168.8.126>;tag=4WYRzOCnf",1006,192.168.8.129,54072,sip:1005@192.168.8.126,1005,192.168.8.120,46129,111.07,2.11s,200,OK,Normal,00:02:39.964,,00:02:42.075,00:04:33.148,AUDIO+VIDEO,"opus, speex, telephone-event, H265, H264, AV1, VP8",LinphoneiOS/6.0.2 (iPhone) LinphoneSDK/5.4.46-1-g27e010d14,,,,192.168.8.126,5060,28 BYE,
20251030000607000001,REGISTER,SUCCESS,2025-10-30,00:06:07,00:06:07,A1Dn1O2Q-RAwTLB4WGDHQw..,sip:1002@192.168.8.126,1002,192.168.8.120,48494,,,,,,,200,OK,,,,,,,,Zoiper v2.10.20.11,sip:1002@192.168.8.120:48494;rinstance=4571f022f05e05ff;transport=UDP,60,,192.168.8.126,5060,396 REGISTER,
20251030001412000010,REGISTER,UNREGISTERED,2025-10-30,00:14:12,00:14:12,FPjwCdOfOp,sip:1006@192.168.8.126,1006,192.168.8.129,54072,,,,,,,200,OK,,,,,,,,LinphoneiOS/6.0.2 (iPhone) LinphoneSDK/5.4.46-1-g27e010d14,sip:1006@192.168.8.129:54072;transport=udp,,,,,23 REGISTER,
20251030001539000013,REGISTER,SUCCESS,2025-10-30,00:15:39,00:15:39,6xPq1xi6iU,sip:1006@192.168.8.126,1006,192.168.8.129,52851,,,,,,,200,OK,,,,,,,,LinphoneiOS/6.0.2 (iPhone) LinphoneSDK/5.4.46-1-g27e010d14,sip:1006@192.168.8.129:52851;transport=udp,3600,,192.168.8.126,5060,21 REGISTER,
20251030001551000014,REGISTER,SUCCESS,2025-10-30,00:15:51,00:15:51,tIJSbQGPRA,sip:1008@192.168.8.126,1008,192.168.8.127,51919,,,,,,,200,OK,,,,,,,,LinphoneiOS/6.0.2 (iPhone) LinphoneSDK/5.4.46-1-g27e010d14,sip:1008@192.168.8.127:51919;transport=udp,3600,,192.168.8.126,5060,21 REGISTER,
20251030001607000016,CALL,ENDED,2025-10-30,00:16:07,00:16:42,1M~w7VM09d,<sip:1008@192.168.8.126>;tag=0CtXhxd2m,1008,192.168.8.127,51919,sip:1006@192.168.8.126,1006,192.168.8.129,52851,27.13,7.89s,200,OK,Normal,00:16:07.202,,00:16:15.089,00:16:42.219,AUDIO+VIDEO,"opus, speex, telephone-event, H265, H264, AV1, VP8",LinphoneiOS/6.0.2 (iPhone) LinphoneSDK/5.4.46-1-g27e010d14,,,,192.168.8.126,5060,112 BYE,
20251030001700000018,REGISTER,SUCCESS,2025-10-30,00:17:00,00:17:00,~63-ioPiC-,sip:1006@192.168.8.126,1006,192.168.8.129,57587,,,,,,,200,OK,,,,,,,,LinphoneiOS/6.0.2 (iPhone) LinphoneSDK/5.4.46-1-g27e010d14,sip:1006@192.168.8.129:57587;transport=udp,3600,,192.168.8.126,5060,21 REGISTER,
20251030001728000021,REGISTER,SUCCESS,2025-10-30,00:17:28,00:17:28,CuyByPj4Jt,sip:1005@192.168.8.126,1005,192.168.8.120,46129,,,,,,,200,OK,,,,,,,,LinphoneAndroid/6.0.19 (MEIZU 20) LinphoneSDK/5.4.50 (tags/5.4.50^0),sip:1005@192.168.8.120:46129;transport=udp,3600,,192.168.8.126,5060,28 REGISTER,
20251030001706000019,CALL,ENDED,2025-10-30,00:17:06,00:17:40,6U10~fdOBC,<sip:1008@192.168.8.126>;tag=lRAuge~4i,1008,192.168.8.127,51919,sip:1006@192.168.8.126,1006,192.168.8.129,57587,30.54,3.39s,200,OK,Normal,00:17:06.239,,00:17:09.632,00:17:40.170,AUDIO,"opus, speex, telephone-event",LinphoneiOS/6.0.2 (iPhone) LinphoneSDK/5.4.46-1-g27e010d14,,,,192.168.8.126,5060,112 BYE,
20251030001732000022,CALL,ENDED,2025-10-30,00:17:32,00:19:14,yCBNBYE9yk,<sip:1008@192.168.8.126>;tag=FzuRjjUh0,1008,192.168.8.127,51919,sip:1005@192.168.8.126,1005,192.168.8.120,46129,94.58,7.24s,200,OK,Normal,00:17:32.774,,00:17:40.011,00:19:14.592,AUDIO,"opus, speex, telephone-event",LinphoneiOS/6.0.2 (iPhone) LinphoneSDK/5.4.46-1-g27e010d14,,,,192.168.8.126,5060,21 BYE,
20251030002043000001,REGISTER,SUCCESS,2025-10-30,00:20:43,00:20:43,A1Dn1O2Q-RAwTLB4WGDHQw..,sip:1002@192.168.8.126,1002,192.168.8.120,48494,,,,,,,200,OK,,,,,,,,Zoiper v2.10.20.11,sip:1002@192.168.8.120:48494;rinstance=4571f022f05e05ff;transport=UDP,60,,192.168.8.126,5060,412 REGISTER,
20251030002159000003,REGISTER,SUCCESS,2025-10-30,00:21:59,00:21:59,~63-ioPiC-,sip:1006@192.168.8.126,1006,192.168.8.129,57587,,,,,,,200,OK,,,,,,,,LinphoneiOS/6.0.2 (iPhone) LinphoneSDK/5.4.46-1-g27e010d14,sip:1006@192.168.8.129:57587;transport=udp,3600,,192.168.8.126,5060,23 REGISTER,
20251030002200000004,REGISTER,SUCCESS,2025-10-30,00:22:00,00:22:00,tIJSbQGPRA,sip:1008@192.168.8.126,1008,192.168.8.127,51919,,,,,,,200,OK,,,,,,,,LinphoneiOS/6.0.2 (iPhone) LinphoneSDK/5.4.46-1-g27e010d14,sip:1008@192.168.8.127:51919;transport=udp,3600,,192.168.8.126,5060,23 REGISTER,
20251030002201000005,REGISTER,SUCCESS,2025-10-30,00:22:01,00:22:01,CuyByPj4Jt,sip:1005@192.168.8.126,1005,192.168.8.120,46129,,,,,,,200,OK,,,,,,,,LinphoneAndroid/6.0.19 (MEIZU 20) LinphoneSDK/5.4.50 (tags/5.4.50^0),sip:1005@192.168.8.120:46129;transport=udp,3600,,192.168.8.126,5060,30 REGISTER,
20251030002253000008,REGISTER,SUCCESS,2025-10-30,00:22:53,00:22:53,3ns4c7QZkR47_a_WDV3b3w..,sip:1007@192.168.8.126,1007,192.168.8.120,8148,,,,,,,200,OK,,,,,,,,PortSIP UC Client  Android - v13.0.1,sip:1007@192.168.8.120:8148,300,,192.168.8.126,5060,16 REGISTER,
20251030002304000010,REGISTER,SUCCESS,2025-10-30,00:23:04,00:23:04,a6t79BSchY3CH7NLxM90oA..,sip:1001@192.168.8.126,1001,192.168.8.129,61903,,,,,,,200,OK,,,,,,,,Zoiper v2.10.20.4_1,sip:1001@192.168.8.129:61903;rinstance=a55f63249ebdc1d7;transport=UDP,60,,192.168.8.126,5060,6 REGISTER,
20251030030610000014,REGISTER,SUCCESS,2025-10-30,03:06:10,03:06:10,2xGsufRnW-wyeIj4NwUb5A..,sip:1002@192.168.8.126,1002,192.168.8.120,48494,,,,,,,200,OK,,,,,,,,Zoiper v2.10.20.11,sip:1002@192.168.8.120:48494;rinstance=c62bb95fcb527d6c;transport=UDP,60,,192.168.8.126,5060,2 REGISTER,
20251030062714000015,REGISTER,SUCCESS,2025-10-30,06:27:14,06:27:14,Z6q_cY6CmNVLf1CJCVyrlg..,sip:1002@192.168.8.126,1002,192.168.8.120,48494,,,,,,,200,OK,,,,,,,,Zoiper v2.10.20.11,sip:1002@192.168.8.120:48494;rinstance=578506f80bcb2a52;transport=UDP,60,,192.168.8.126,5060,2 REGISTER,
20251030082046000019,REGISTER,SUCCESS,2025-10-30,08:20:46,08:20:46,kGjvth6MYhx-FaISRxOBrQ..,sip:1002@192.168.8.126,1002,192.168.8.120,48494,,,,,,,200,OK,,,,,,,,Zoiper v2.10.20.11,sip:1002@192.168.8.120:48494;rinstance=2cf7a10db44fee1e;transport=UDP,60,,192.168.8.126,5060,2 REGISTER,
20251030084307000020,REGISTER,SUCCESS,2025-10-30,08:43:07,08:43:07,-rLSrMBW_Dp1ecolvQgm7Q..,sip:1002@192.168.8.126,1002,192.168.8.120,48494,,,,,,,200,OK,,,,,,,,Zoiper v2.10.20.11,sip:1002@192.168.8.120:48494;rinstance=85068d9b790102d7;transport=UDP,60,,192.168.8.126,5060,2 REGISTER,
20251030090002000021,REGISTER,SUCCESS,2025-10-30,09:00:02,09:00:02,cmTl3EDVVkfAZvHBkw5_JQ..,sip:1002@192.168.8.126,1002,192.168.8.120,48494,,,,,,,200,OK,,,,,,,,Zoiper v2.10.20.11,sip:1002@192.168.8.120:48494;rinstance=6a5117b33d6a52e8;transport=UDP,60,,192.168.8.126,5060,2 REGISTER,
20251030134116000022,REGISTER,SUCCESS,2025-10-30,13:41:16,13:41:16,dzIlGVawDui0wshHY9NmjA..,sip:1002@192.168.8.126,1002,192.168.8.120,48494,,,,,,,200,OK,,,,,,,,Zoiper v2.10.20.11,sip:1002@192.168.8.120:48494;rinstance=eee390cceb446e28;transport=UDP,60,,192.168.8.126,5060,2 REGISTER,
20251030141033000001,REGISTER,SUCCESS,2025-10-30,14:10:33,14:10:33,dzIlGVawDui0wshHY9NmjA..,sip:1002@192.168.8.126,1002,192.168.8.120,48494,,,,,,,200,OK,,,,,,,,Zoiper v2.10.20.11,sip:1002@192.168.8.120:48494;rinstance=eee390cceb446e28;transport=UDP,60,,192.168.8.126,5060,34 REGISTER,
20251030141204000003,REGISTER,SUCCESS,2025-10-30,14:12:04,14:12:04,tBTLiuHytI,sip:1006@192.168.8.126,1006,192.168.8.129,57842,,,,,,,200,OK,,,,,,,,LinphoneiOS/6.0.2 (iPhone) LinphoneSDK/5.4.46-1-g27e010d14,sip:1006@192.168.8.129:57842;transport=udp,3600,,192.168.8.126,5060,21 REGISTER,
20251030141220000004,REGISTER,SUCCESS,2025-10-30,14:12:20,14:12:20,5HJuUHcMU2,sip:1006@192.168.8.126,1006,192.168.8.129,57842,,,,,,,200,OK,,,,,,,,LinphoneiOS/6.0.2 (iPhone) LinphoneSDK/5.4.46-1-g27e010d14,sip:1006@192.168.8.129:57842;transport=udp,3600,,192.168.8.126,5060,21 REGISTER,
20251030141241000007,REGISTER,SUCCESS,2025-10-30,14:12:41,14:12:41,JXzm~Uxoha,sip:1006@192.168.8.126,1006,192.168.8.129,57842,,,,,,,200,OK,,,,,,,,LinphoneiOS/6.0.2 (iPhone) LinphoneSDK/5.4.46-1-g27e010d14,sip:1006@192.168.8.129:57842;transport=udp,3600,,192.168.8.126,5060,21 REGISTER,
20251030141314000008,CALL,CANCELLED,2025-10-30,14:13:14,14:13:26,xGpwdWSgIC,"""1009"" <sip:1006@192.168.8.126>;tag=If8euQAP5",1006,192.168.8.129,57842,sip:1002@192.168.8.126,1002,192.168.8.120,48494,,,,,User Cancelled,14:13:14.418,,,,AUDIO,"opus, speex, telephone-event",LinphoneiOS/6.0.2 (iPhone) LinphoneSDK/5.4.46-1-g27e010d14,,,,192.168.8.126,5060,20 CANCEL,
20251030141505000001,REGISTER,SUCCESS,2025-10-30,14:15:05,14:15:05,JXzm~Uxoha,sip:1006@192.168.8.126,1006,192.168.8.129,57842,,,,,,,200,OK,,,,,,,,LinphoneiOS/6.0.2 (iPhone) LinphoneSDK/5.4.46-1-g27e010d14,sip:1006@192.168.8.129:57842;transport=udp,3600,,192.168.8.126,5060,23 REGISTER,
20251030141506000002,REGISTER,SUCCESS,2025-10-30,14:15:06,14:15:06,dzIlGVawDui0wshHY9NmjA..,sip:1002@192.168.8.126,1002,192.168.8.120,48494,,,,,,,200,OK,,,,,,,,Zoiper v2.10.20.11,sip:1002@192.168.8.120:48494;rinstance=eee390cceb446e28;transport=UDP,60,,192.168.8.126,5060,40 REGISTER,
20251030141547000004,REGISTER,SUCCESS,2025-10-30,14:15:47,14:15:47,18QfZMqp6q,sip:1006@192.168.8.126,1006,192.168.8.129,57842,,,,,,,200,OK,,,,,,,,LinphoneiOS/6.0.2 (iPhone) LinphoneSDK/5.4.46-1-g27e010d14,sip:1006@192.168.8.129:57842;transport=udp,3600,,192.168.8.126,5060,21 REGISTER,
20251030142733000001,REGISTER,SUCCESS,2025-10-30,14:27:33,14:27:33,LCWobWxoMgj3tuP8BdghLw..,sip:1004@192.168.8.126,1004,192.168.8.129,5960,,,,,,,200,OK,,,,,,,,PortSIP UC Client iOS - v12.4.1,sip:1004@192.168.8.129:5960,90,,192.168.8.126,5060,2 REGISTER,
20251030142735000002,REGISTER,SUCCESS,2025-10-30,14:27:35,14:27:35,at4d1GIQVH,sip:1006@192.168.8.126,1006,192.168.8.129,62281,,,,,,,200,OK,,,,,,,,LinphoneiOS/6.0.2 (iPhone) LinphoneSDK/5.4.46-1-g27e010d14,sip:1006@192.168.8.129:62281;transport=udp,3600,,192.168.8.126,5060,21 REGISTER,
20251030142749000007,REGISTER,SUCCESS,2025-10-30,14:27:49,14:27:49,YnyDmx4Bqlw8CsTzrKNv8A..,sip:1007@192.168.8.126,1007,192.168.8.120,8148,,,,,,,200,OK,,,,,,,,PortSIP UC Client  Android - v13.0.1,sip:1007@192.168.8.120:8148,300,,192.168.8.126,5060,2 REGISTER,
20251030142751000008,REGISTER,SUCCESS,2025-10-30,14:27:51,14:27:51,xM5SlVrtgNI-a91ZlSHWWw..,sip:1002@192.168.8.126,1002,192.168.8.120,48494,,,,,,,200,OK,,,,,,,,Zoiper v2.10.20.11,sip:1002@192.168.8.120:48494;rinstance=45c6c7425645b805;transport=UDP,60,,192.168.8.126,5060,2 REGISTER,
20251030142757000009,CALL,CANCELLED,2025-10-30,14:27:57,14:28:03,lm-XrtyTJi,"""1006"" <sip:1006@192.168.8.126>;tag=vUrgzy9a8",1006,192.168.8.129,62281,sip:1002@192.168.8.126,1002,192.168.8.120,48494,,,,,User Cancelled,14:27:57.735,,,,AUDIO,"opus, speex, telephone-event",LinphoneiOS/6.0.2 (iPhone) LinphoneSDK/5.4.46-1-g27e010d14,,,,192.168.8.126,5060,20 CANCEL,
20251030142811000011,CALL,CANCELLED,2025-10-30,14:28:11,14:28:13,t7xhXcLxEU,"""1006"" <sip:1006@192.168.8.126>;tag=2xqtxjkDh",1006,192.168.8.129,62281,sip:1002@192.168.8.126,1002,192.168.8.120,48494,,,,,User Cancelled,14:28:11.480,,,,AUDIO,"opus, speex, telephone-event",LinphoneiOS/6.0.2 (iPhone) LinphoneSDK/5.4.46-1-g27e010d14,,,,192.168.8.126,5060,20 CANCEL,
20251030142849000014,CALL,ENDED,2025-10-30,14:28:49,14:29:03,pDJsKk-tn3,"""1006"" <sip:1006@192.168.8.126>;tag=yfWQW~fZv",1006,192.168.8.129,62281,sip:1002@192.168.8.126,1002,192.168.8.120,48494,6.46,7.56s,200,OK,Normal,14:28:49.840,,14:28:57.397,14:29:03.862,AUDIO,telephone-event,LinphoneiOS/6.0.2 (iPhone) LinphoneSDK/5.4.46-1-g27e010d14,,,,192.168.8.126,5060,21 BYE,
20251030143059000020,REGISTER,SUCCESS,2025-10-30,14:30:59,14:30:59,mZo99GFenb,sip:1006@192.168.8.126,1006,192.168.8.129,57158,,,,,,,200,OK,,,,,,,,LinphoneiOS/6.0.2 (iPhone) LinphoneSDK/5.4.46-1-g27e010d14,sip:1006@192.168.8.129:57158;transport=udp,3600,,192.168.8.126,5060,21 REGISTER,
20251030143744000025,REGISTER,SUCCESS,2025-10-30,14:37:44,14:37:44,q7nhPx9R1t0dV1T0DhESkA..,sip:1002@192.168.8.126,1002,192.168.8.120,48494,,,,,,,200,OK,,,,,,,,Zoiper v2.10.20.11,sip:1002@192.168.8.120:48494;rinstance=547e465a4b20fa77;transport=UDP,60,,192.168.8.126,5060,2 REGISTER,
20251030144445000026,REGISTER,SUCCESS,2025-10-30,14:44:45,14:44:45,3qmJPTUBWPyYv_MA_06giw..,sip:1002@192.168.8.126,1002,192.168.8.120,48494,,,,,,,200,OK,,,,,,,,Zoiper v2.10.20.11,sip:1002@192.168.8.120:48494;rinstance=fd83fc7466304f5f;transport=UDP,60,,192.168.8.126,5060,2 REGISTER,
20251030144816000029,REGISTER,SUCCESS,2025-10-30,14:48:16,14:48:16,RRSXpt2kYNoXSVdB5ddyXQ..,sip:1002@192.168.8.126,1002,192.168.8.120,48494,,,,,,,200,OK,,,,,,,,Zoiper v2.10.20.11,sip:1002@192.168.8.120:48494;rinstance=75f6faa9e82e2c12;transport=UDP,60,,192.168.8.126,5060,2 REGISTER,
20251030144934000030,REGISTER,SUCCESS,2025-10-30,14:49:34,14:49:34,067Nej0ciTapUH-CZ5_y5A..,sip:1002@192.168.8.126,1002,192.168.8.120,48494,,,,,,,200,OK,,,,,,,,Zoiper v2.10.20.11,sip:1002@192.168.8.120:48494;rinstance=86cc22301de7179e;transport=UDP,60,,192.168.8.126,5060,2 REGISTER,
20251030152604000032,REGISTER,SUCCESS,2025-10-30,15:26:04,15:26:04,Z6VFMHHobXDpxf0jUMeWxA..,sip:1002@192.168.8.126,1002,192.168.8.120,48494,,,,,,,200,OK,,,,,,,,Zoiper v2.10.20.11,sip:1002@192.168.8.120:48494;rinstance=d7328c7defda6b67;transport=UDP,60,,192.168.8.126,5060,2 REGISTER,
20251030153238000033,REGISTER,SUCCESS,2025-10-30,15:32:38,15:32:38,z0zgIbnrNzV8TYB4oH-3-Q..,sip:1002@192.168.8.126,1002,192.168.8.120,48494,,,,,,,200,OK,,,,,,,,Zoiper v2.10.20.11,sip:1002@192.168.8.120:48494;rinstance=aa5f7c88440432e4;transport=UDP,60,,192.168.8.126,5060,2 REGISTER,
20251030155019000035,REGISTER,SUCCESS,2025-10-30,15:50:19,15:50:19,dkZaS2XOdRmjN3klR-yhxA..,sip:1002@192.168.8.126,1002,192.168.8.120,48494,,,,,,,200,OK,,,,,,,,Zoiper v2.10.20.11,sip:1002@192.168.8.120:48494;rinstance=4ab62c9367be84fd;transport=UDP,60,,192.168.8.126,5060,2 REGISTER,
20251030160621000036,REGISTER,SUCCESS,2025-10-30,16:06:21,16:06:21,uXi-2YqKApFCdYx3OKpl-Q..,sip:1002@192.168.8.126,1002,192.168.8.120,48494,,,,,,,200,OK,,,,,,,,Zoiper v2.10.20.11,sip:1002@192.168.8.120:48494;rinstance=39cf093106aee216;transport=UDP,60,,192.168.8.126,5060,2 REGISTER,
20251030161832000039,REGISTER,SUCCESS,2025-10-30,16:18:32,16:18:32,E_TtAgnFdqSljLMb1FVblg..,sip:1002@192.168.8.126,1002,192.168.8.120,48494,,,,,,,200,OK,,,,,,,,Zoiper v2.10.20.11,sip:1002@192.168.8.120:48494;rinstance=f2e63053114c74c3;transport=UDP,60,,192.168.8.126,5060,2 REGISTER,
20251030162250000040,REGISTER,SUCCESS,2025-10-30,16:22:50,16:22:50,-e6BifHiVwECUfHMbbdWmQ..,sip:1002@192.168.8.126,1002,192.168.8.120,48494,,,,,,,200,OK,,,,,,,,Zoiper v2.10.20.11,sip:1002@192.168.8.120:48494;rinstance=486104924f8a7f47;transport=UDP,60,,192.168.8.126,5060,2 REGISTER,
20251030163228000041,REGISTER,SUCCESS,2025-10-30,16:32:28,16:32:28,_Yqd3J2m6rv5sGWzlbMrpw..,sip:1002@192.168.8.126,1002,192.168.8.120,48494,,,,,,,200,OK,,,,,,,,Zoiper v2.10.20.11,sip:1002@192.168.8.120:48494;rinstance=8f1e59c055030ca6;transport=UDP,60,,192.168.8.126,5060,2 REGISTER,
20251030165955000055,REGISTER,SUCCESS,2025-10-30,16:59:55,16:59:55,AZOMCnAfzXSSdt61LSlkiw..,sip:1002@192.168.8.126,1002,192.168.8.120,48494,,,,,,,200,OK,,,,,,,,Zoiper v2.10.20.11,sip:1002@192.168.8.120:48494;rinstance=336239e4c39013da;transport=UDP,60,,192.168.8.126,5060,2 REGISTER,
20251030171736000057,REGISTER,SUCCESS,2025-10-30,17:17:36,17:17:36,fRKKZIqHgP0NVP8Rn4W0zQ..,sip:1002@192.168.8.126,1002,192.168.8.120,48494,,,,,,,200,OK,,,,,,,,Zoiper v2.10.20.11,sip:1002@192.168.8.120:48494;rinstance=cc79815f3b1cedb5;transport=UDP,60,,192.168.8.126,5060,2 REGISTER,
20251030173111000058,REGISTER,SUCCESS,2025-10-30,17:31:11,17:31:11,Q-XRMbtiuCUrcdY8DkXzBA..,sip:1002@192.168.8.126,1002,192.168.8.120,48494,,,,,,,200,OK,,,,,,,,Zoiper v2.10.20.11,sip:1002@192.168.8.120:48494;rinstance=74019632e40cc893;transport=UDP,60,,192.168.8.126,5060,2 REGISTER,
20251030173328000059,REGISTER,SUCCESS,2025-10-30,17:33:28,17:33:28,JhWzJP_VlKIKtmBqFzJedw..,sip:1002@192.168.8.126,1002,192.168.8.120,48494,,,,,,,200,OK,,,,,,,,Zoiper v2.10.20.11,sip:1002@192.168.8.120:48494;rinstance=b93414c5e25192c3;transport=UDP,60,,192.168.8.126,5060,2 REGISTER,
20251030174034000060,REGISTER,SUCCESS,2025-10-30,17:40:34,17:40:34,2-5Q1WOlsco-zu1Fks0_GQ..,sip:1002@192.168.8.126,1002,192.168.8.120,48494,,,,,,,200,OK,,,,,,,,Zoiper v2.10.20.11,sip:1002@192.168.8.120:48494;rinstance=17da9c80b98c974b;transport=UDP,60,,192.168.8.126,5060,2 REGISTER,
20251030175653000061,REGISTER,SUCCESS,2025-10-30,17:56:53,17:56:53,b9OBbtd4J5hMfGj8G7VoNQ..,sip:1002@192.168.8.126,1002,192.168.8.120,48494,,,,,,,200,OK,,,,,,,,Zoiper v2.10.20.11,sip:1002@192.168.8.120:48494;rinstance=5e45a832bb961f98;transport=UDP,60,,192.168.8.126,5060,2 REGISTER,
20251030175823000062,REGISTER,SUCCESS,2025-10-30,17:58:23,17:58:23,YLE-bSqKSO9usH9NLA-hRw..,sip:1002@192.168.8.126,1002,192.168.8.120,48494,,,,,,,200,OK,,,,,,,,Zoiper v2.10.20.11,sip:1002@192.168.8.120:48494;rinstance=548d6821940d3380;transport=UDP,60,,192.168.8.126,5060,2 REGISTER,
20251030181700000065,REGISTER,SUCCESS,2025-10-30,18:17:00,18:17:00,FWGr00zmHEsu6vOR05UBBA..,sip:1002@192.168.8.126,1002,192.168.8.120,48494,,,,,,,200,OK,,,,,,,,Zoiper v2.10.20.11,sip:1002@192.168.8.120:48494;rinstance=980025232e920ae7;transport=UDP,60,,192.168.8.126,5060,2 REGISTER,
20251030183454000066,REGISTER,SUCCESS,2025-10-30,18:34:54,18:34:54,ESHRCc5t_RZO7WwmeL5exw..,sip:1002@192.168.8.126,1002,192.168.8.120,48494,,,,,,,200,OK,,,,,,,,Zoiper v2.10.20.11,sip:1002@192.168.8.120:48494;rinstance=d9439cacd708ab39;transport=UDP,60,,192.168.8.126,5060,2 REGISTER,
20251030183750000067,REGISTER,SUCCESS,2025-10-30,18:37:50,18:37:50,k353_kD51QCfYiA4VEoPIw..,sip:1002@192.168.8.126,1002,192.168.8.120,48494,,,,,,,200,OK,,,,,,,,Zoiper v2.10.20.11,sip:1002@192.168.8.120:48494;rinstance=97e091ee33d7fc3c;transport=UDP,60,,192.168.8.126,5060,2 REGISTER,
20251030183920000068,REGISTER,SUCCESS,2025-10-30,18:39:20,18:39:20,V0vytSwRyfsKY0I4FcJrWA..,sip:1002@192.168.8.126,1002,192.168.8.120,48494,,,,,,,200,OK,,,,,,,,Zoiper v2.10.20.11,sip:1002@192.168.8.120:48494;rinstance=916bcbe572cc3131;transport=UDP,60,,192.168.8.126,5060,2 REGISTER,
20251030184058000069,REGISTER,SUCCESS,2025-10-30,18:40:58,18:40:58,p5PG_05Snnwo1j0E9MrNXA..,sip:1002@192.168.8.126,1002,192.168.8.120,48494,,,,,,,200,OK,,,,,,,,Zoiper v2.10.20.11,sip:1002@192.168.8.120:48494;rinstance=3517b4a3d472a4ae;transport=UDP,60,,192.168.8.126,5060,2 REGISTER,
20251030184325000073,REGISTER,SUCCESS,2025-10-30,18:43:25,18:43:25,CuyByPj4Jt,sip:1005@192.168.8.126,1005,192.168.8.120,46129,,,,,,,200,OK,,,,,,,,LinphoneAndroid/6.0.19 (MEIZU 20) LinphoneSDK/5.4.50 (tags/5.4.50^0),sip:1005@192.168.8.120:46129;transport=udp,3600,,192.168.8.126,5060,35 REGISTER,
20251030184805000079,REGISTER,SUCCESS,2025-10-30,18:48:05,18:48:05,lJ6fHFDOCj,sip:1008@192.168.8.126,1008,192.168.8.127,62698,,,,,,,200,OK,,,,,,,,LinphoneiOS/6.0.2 (iPhone) LinphoneSDK/5.4.46-1-g27e010d14,sip:1008@192.168.8.127:62698;transport=udp,3600,,192.168.8.126,5060,21 REGISTER,
20251030184839000081,REGISTER,SUCCESS,2025-10-30,18:48:39,18:48:39,tzwtKP4h9UO9gHpaffl8cg..,sip:1004@192.168.8.126,1004,192.168.8.129,5960,,,,,,,200,OK,,,,,,,,PortSIP UC Client iOS - v12.4.1,sip:1004@192.168.8.129:5960,90,,192.168.8.126,5060,2 REGISTER,
20251030184842000082,REGISTER,SUCCESS,2025-10-30,18:48:42,18:48:42,tK4dN2VdAp,sip:1006@192.168.8.126,1006,192.168.8.129,60906,,,,,,,200,OK,,,,,,,,LinphoneiOS/6.0.2 (iPhone) LinphoneSDK/5.4.46-1-g27e010d14,sip:1006@192.168.8.129:60906;transport=udp,3600,,192.168.8.126,5060,21 REGISTER,
20251030184846000084,REGISTER,SUCCESS,2025-10-30,18:48:46,18:48:46,SZ_O1P22jgWnX___R39sRQ..,sip:1001@192.168.8.126,1001,192.168.8.129,63485,,,,,,,200,OK,,,,,,,,Zoiper v2.10.20.4_1,sip:1001@192.168.8.129:63485;rinstance=e6881191090b6ac8;transport=UDP,60,,192.168.8.126,5060,2 REGISTER,
20251030184847000085,REGISTER,SUCCESS,2025-10-30,18:48:47,18:48:47,AhUCUk-CmqkaLlNT2MPw6Q..,sip:1001@192.168.8.126,1001,192.168.8.129,63485,,,,,,,200,OK,,,,,,,,Zoiper v2.10.20.4_1,sip:1001@192.168.8.129:63485;rinstance=e6881191090b6ac8;transport=UDP,60,,192.168.8.126,5060,2 REGISTER,
20251030184928000089,REGISTER,SUCCESS,2025-10-30,18:49:28,18:49:28,6GRcmAYSpG,sip:1006@192.168.8.126,1006,192.168.8.129,59655,,,,,,,200,OK,,,,,,,,LinphoneiOS/6.0.2 (iPhone) LinphoneSDK/5.4.46-1-g27e010d14,sip:1006@192.168.8.129:59655;transport=udp,3600,,192.168.8.126,5060,21 REGISTER,
20251030184933000092,REGISTER,SUCCESS,2025-10-30,18:49:33,18:49:33,zV1hfcRz4y,sip:1006@192.168.8.126,1006,192.168.8.129,58842,,,,,,,200,OK,,,,,,,,LinphoneiOS/6.0.2 (iPhone) LinphoneSDK/5.4.46-1-g27e010d14,sip:1006@192.168.8.129:58842;transport=udp,3600,,192.168.8.126,5060,21 REGISTER,
20251030190157000001,REGISTER,SUCCESS,2025-10-30,19:01:57,19:01:57,CfThhGyJoZgOeirM6xS9IA..,sip:1004@192.168.8.126,1004,192.168.8.129,5960,,,,,,,200,OK,,,,,,,,PortSIP UC Client iOS - v12.4.1,sip:1004@192.168.8.129:5960,90,,192.168.8.126,5060,2 REGISTER,
20251030190245000002,REGISTER,SUCCESS,2025-10-30,19:02:45,19:02:45,CuyByPj4Jt,sip:1005@192.168.8.126,1005,192.168.8.120,46129,,,,,,,200,OK,,,,,,,,LinphoneAndroid/6.0.19 (MEIZU 20) LinphoneSDK/5.4.50 (tags/5.4.50^0),sip:1005@192.168.8.120:46129;transport=udp,3600,,192.168.8.126,5060,39 REGISTER,
20251030190249000003,REGISTER,SUCCESS,2025-10-30,19:02:49,19:02:49,cKrdBPsdKj,sip:1008@192.168.8.126,1008,192.168.8.127,52622,,,,,,,200,OK,,,,,,,,LinphoneiOS/6.0.2 (iPhone) LinphoneSDK/5.4.46-1-g27e010d14,sip:1008@192.168.8.127:52622;transport=udp,3600,,192.168.8.126,5060,21 REGISTER,
20251030190304000005,REGISTER,SUCCESS,2025-10-30,19:03:04,19:03:04,ghVAWJ4Stzg5hAsbvlK1kw..,sip:1002@192.168.8.126,1002,192.168.8.120,48494,,,,,,,200,OK,,,,,,,,Zoiper v2.10.20.11,sip:1002@192.168.8.120:48494;rinstance=b40d1fb89e0d2df6;transport=UDP,60,,192.168.8.126,5060,2 REGISTER,
20251030190309000006,REGISTER,UNREGISTERED,2025-10-30,19:03:09,19:03:09,zV1hfcRz4y,sip:1006@192.168.8.126,1006,192.168.8.129,58842,,,,,,,200,OK,,,,,,,,LinphoneiOS/6.0.2 (iPhone) LinphoneSDK/5.4.46-1-g27e010d14,sip:1006@192.168.8.129:58842;transport=udp,,,,,23 REGISTER,
20251030190333000009,REGISTER,SUCCESS,2025-10-30,19:03:33,19:03:33,YnyDmx4Bqlw8CsTzrKNv8A..,sip:1007@192.168.8.126,1007,192.168.8.120,8148,,,,,,,200,OK,,,,,,,,PortSIP UC Client  Android - v13.0.1,sip:1007@192.168.8.120:8148,300,,192.168.8.126,5060,6 REGISTER,
20251030190303000004,CALL,ENDED,2025-10-30,19:03:03,19:03:37,ILADZ6wBNP,<sip:1005@192.168.8.126>;tag=tS1fimBVI,1005,192.168.8.120,46129,sip:1004@192.168.8.126,1004,192.168.8.129,5960,29.8,4.64s,200,OK,Normal,19:03:03.240,,19:03:07.882,19:03:37.685,AUDIO+VIDEO,"opus, PCMU, PCMA, G729, telephone-event, H264, VP8",LinphoneAndroid/6.0.19 (MEIZU 20) LinphoneSDK/5.4.50 (tags/5.4.50^0),,,,192.168.8.126,5060,5 BYE,
20251030190406000011,CALL,ENDED,2025-10-30,19:04:06,19:04:33,k3S74PkY9v,<sip:1008@192.168.8.126>;tag=SRJ4fG5rg,1008,192.168.8.127,52622,sip:1004@192.168.8.126,1004,192.168.8.129,5960,19.2,7.38s,200,OK,Normal,19:04:06.758,,19:04:14.139,19:04:33.339,AUDIO+VIDEO,"opus, telephone-event, VP8",LinphoneiOS/6.0.2 (iPhone) LinphoneSDK/5.4.46-1-g27e010d14,,,,192.168.8.126,5060,22 BYE,
20251030190442000013,REGISTER,SUCCESS,2025-10-30,19:04:42,19:04:42,QW-pQU0~n6,sip:1006@192.168.8.126,1006,192.168.8.129,52506,,,,,,,200,OK,,,,,,,,LinphoneiOS/6.0.2 (iPhone) LinphoneSDK/5.4.46-1-g27e010d14,sip:1006@192.168.8.129:52506;transport=udp,3600,,192.168.8.126,5060,21 REGISTER,
20251030190332000008,CALL,ENDED,2025-10-30,19:03:32,19:05:17,tSrVLexdps,<sip:1005@192.168.8.126>;tag=aIFRRCHDC,1005,192.168.8.120,46129,sip:1008@192.168.8.126,1008,192.168.8.127,52622,99.73,4.66s,200,OK,Normal,19:03:32.912,,19:03:37.576,19:05:17.309,AUDIO+VIDEO,"opus, speex, telephone-event, H265, H264, AV1, VP8",LinphoneAndroid/6.0.19 (MEIZU 20) LinphoneSDK/5.4.50 (tags/5.4.50^0),,,,192.168.8.126,5060,118 BYE,
20251030191148000029,REGISTER,SUCCESS,2025-10-30,19:11:48,19:11:48,iEP9N~PnbP,sip:1006@192.168.8.126,1006,192.168.8.129,57253,,,,,,,200,OK,,,,,,,,LinphoneiOS/6.0.2 (iPhone) LinphoneSDK/5.4.46-1-g27e010d14,sip:1006@192.168.8.129:57253;transport=udp,3600,,192.168.8.126,5060,21 REGISTER,
20251030191151000030,CALL,ENDED,2025-10-30,19:11:51,19:12:03,EwB-yhATVA,"""1006"" <sip:1006@192.168.8.126>;tag=hGUfnOeEz",1006,192.168.8.129,57253,sip:1002@192.168.8.126,1002,192.168.8.120,48494,9.73,2.30s,200,OK,Normal,19:11:51.076,,19:11:53.379,19:12:03.107,AUDIO,telephone-event,LinphoneiOS/6.0.2 (iPhone) LinphoneSDK/5.4.46-1-g27e010d14,,,,192.168.8.126,5060,21 BYE,
20251030191952000047,MESSAGE,COMPLETED,2025-10-30,19:19:52,19:19:52,YB5M7PW4Rd-20 MESSAGE,<sip:1005@192.168.8.126>;tag=khESDsZaD,1005,192.168.8.120,46129,sip:1004@192.168.8.126,1004,,,,,200,OK,,,,,,,,LinphoneAndroid/6.0.19 (MEIZU 20) LinphoneSDK/5.4.50 (tags/5.4.50^0),,,"<?xml version=""1.0"" encoding=""UTF-8"" standalone=""no"" ?><isComposing xmlns=""urn:ietf:params:xml:ns:im-iscomposing""><state>active</state><refresh>60</refresh></isComposing>",192.168.8.126,5060,20 MESSAGE,
20251030191953000048,MESSAGE,COMPLETED,2025-10-30,19:19:53,19:19:53,iUt-wIle4A-20 MESSAGE,<sip:1005@192.168.8.126>;tag=9-7awJYEm,1005,192.168.8.120,46129,sip:1004@192.168.8.126,1004,,,,,200,OK,,,,,,,,LinphoneAndroid/6.0.19 (MEIZU 20) LinphoneSDK/5.4.50 (tags/5.4.50^0),,,ðŸ¤£ðŸ¤£,192.168.8.126,5060,20 MESSAGE,
20251030192007000050,CALL,CANCELLED,2025-10-30,19:20:07,19:20:15,3TQ0knKCLu-8IWJbaiZerA..,<sip:1004@192.168.8.126>;tag=289a0705,1004,192.168.8.129,5960,<sip:1005@192.168.8.126>,1005,192.168.8.120,46129,,,,,User Cancelled,19:20:07.262,,,,AUDIO+VIDEO,"opus, G729, PCMA, PCMU, GSM, AMR, AMR-WB, ILBC, SPEEX, G722, telephone-event, H264, VP8, VP9",PortSIP UC Client iOS - v12.4.1,,,,192.168.8.126,5060,1 CANCEL,
20251030192021000052,CALL,ENDED,2025-10-30,19:20:21,19:20:42,YrVwDJLX3_nJ22c5WxXijA..,<sip:1004@192.168.8.126>;tag=b6b24f7f,1004,192.168.8.129,5960,<sip:1005@192.168.8.126>,1005,192.168.8.120,46129,18.98,1.83s,200,OK,Normal,19:20:21.859,,19:20:23.692,19:20:42.677,AUDIO+VIDEO,"opus, G729, PCMA, PCMU, speex, telephone-event, H264, VP8",PortSIP UC Client iOS - v12.4.1,,,,192.168.8.126,5060,2 BYE,
20251030195246000108,REGISTER,SUCCESS,2025-10-30,19:52:46,19:52:46,slbPtJMemT,sip:1006@192.168.8.126,1006,192.168.8.129,56832,,,,,,,200,OK,,,,,,,,LinphoneiOS/6.0.2 (iPhone) LinphoneSDK/5.4.46-1-g27e010d14,sip:1006@192.168.8.129:56832;transport=udp,3600,,192.168.8.126,5060,21 REGISTER,
20251030195407000112,REGISTER,SUCCESS,2025-10-30,19:54:07,19:54:07,test-123456@192.168.8.126,sip:1001@192.168.8.126,1001,192.168.8.126,5061,,,,,,,200,OK,,,,,,,,,sip:1001@192.168.8.126:5061,3600,,192.168.8.126,5060,2 REGISTER,
20251030195829000120,REGISTER,SUCCESS,2025-10-30,19:58:29,19:58:29,test-noqop-1761843509@192.168.8.126,sip:1001@192.168.8.126,1001,192.168.8.126,5072,,,,,,,200,OK,,,,,,,,,sip:1001@192.168.8.126:5061,3600,,192.168.8.126,5060,2 REGISTER,
20251030195830000121,REGISTER,SUCCESS,2025-10-30,19:58:30,19:58:30,test-qop-1761843510@192.168.8.126,sip:1001@192.168.8.126,1001,192.168.8.126,5071,,,,,,,200,OK,,,,,,,,,sip:1001@192.168.8.126:5061,3600,,192.168.8.126,5060,2 REGISTER,
20251030200459000134,REGISTER,SUCCESS,2025-10-30,20:04:59,20:04:59,285934@192.168.8.126,sip:1001@192.168.8.126,1001,192.168.8.126,5061,,,,,,,200,OK,,,,,,,,,sip:1001@192.168.8.126:5061,3600,,192.168.8.126,5060,2 REGISTER,
20251030200459000135,REGISTER,UNREGISTERED,2025-10-30,20:04:59,20:04:59,778291@192.168.8.126,sip:1001@192.168.8.126,1001,192.168.8.126,5061,,,,,,,200,OK,,,,,,,,,sip:1001@192.168.8.126:5061,,,,,2 REGISTER,
20251030200522000137,REGISTER,SUCCESS,2025-10-30,20:05:22,20:05:22,N8ZnHbPFJH,sip:1006@192.168.8.126,1006,192.168.8.129,62971,,,,,,,200,OK,,,,,,,,LinphoneiOS/6.0.2 (iPhone) LinphoneSDK/5.4.46-1-g27e010d14,sip:1006@192.168.8.129:62971;transport=udp,3600,,192.168.8.126,5060,21 REGISTER,
20251030200526000138,CALL,CANCELLED,2025-10-30,20:05:26,20:05:28,RuhOD0278Q,"""1006"" <sip:1006@192.168.8.126>;tag=tL1~1mUMa",1006,192.168.8.129,62971,sip:1002@192.168.8.126,1002,192.168.8.120,48494,,,,,User Cancelled,20:05:26.677,,,,AUDIO,"opus, speex, telephone-event",LinphoneiOS/6.0.2 (iPhone) LinphoneSDK/5.4.46-1-g27e010d14,,,,192.168.8.126,5060,20 CANCEL,
20251030200555000143,CALL,ENDED,2025-10-30,20:05:55,20:06:25,U3i6JkBSTJ,<sip:1005@192.168.8.126>;tag=i8h~qhaCW,1005,192.168.8.120,46129,"""1006"" <sip:1006@192.168.8.126>",1006,192.168.8.129,62971,26.21,3.81s,200,OK,Normal,20:05:55.851,,20:05:59.659,20:06:25.868,AUDIO+VIDEO,"opus, speex, telephone-event, H265, H264, AV1, VP8",LinphoneAndroid/6.0.19 (MEIZU 20) LinphoneSDK/5.4.50 (tags/5.4.50^0),,,,192.168.8.126,5060,25 BYE,
20251030200842000150,REGISTER,SUCCESS,2025-10-30,20:08:42,20:08:42,4ULH4fDE4e,sip:1006@192.168.8.126,1006,192.168.8.129,56895,,,,,,,200,OK,,,,,,,,LinphoneiOS/6.0.2 (iPhone) LinphoneSDK/5.4.46-1-g27e010d14,sip:1006@192.168.8.129:56895;transport=udp,3600,,192.168.8.126,5060,21 REGISTER,
20251030203953000192,REGISTER,SUCCESS,2025-10-30,20:39:53,20:39:53,V7q1LDMBrPFufpBTiOtDow..,sip:1002@192.168.8.126,1002,192.168.8.120,48494,,,,,,,200,OK,,,,,,,,Zoiper v2.10.20.11,sip:1002@192.168.8.120:48494;rinstance=3c05973773e8d224;transport=UDP,60,,192.168.8.126,5060,2 REGISTER,
20251030204301000194,REGISTER,SUCCESS,2025-10-30,20:43:01,20:43:01,dgWhxSmY3hmoKtI6Vw6I8A..,sip:1002@192.168.8.126,1002,192.168.8.120,48494,,,,,,,200,OK,,,,,,,,Zoiper v2.10.20.11,sip:1002@192.168.8.120:48494;rinstance=12403e3a3f50ceed;transport=UDP,60,,192.168.8.126,5060,2 REGISTER,
20251030205228000195,REGISTER,SUCCESS,2025-10-30,20:52:28,20:52:28,_P32LdsLG1vBGlkMdijCdA..,sip:1002@192.168.8.126,1002,192.168.8.120,48494,,,,,,,200,OK,,,,,,,,Zoiper v2.10.20.11,sip:1002@192.168.8.120:48494;rinstance=03ee67b0e7afc0e1;transport=UDP,60,,192.168.8.126,5060,2 REGISTER,
20251030205602000198,REGISTER,SUCCESS,2025-10-30,20:56:02,20:56:02,5cyL_asaBG0-aklO9ptjRg..,sip:1002@192.168.8.126,1002,192.168.8.120,48494,,,,,,,200,OK,,,,,,,,Zoiper v2.10.20.11,sip:1002@192.168.8.120:48494;rinstance=a0fb2b7613652fa6;transport=UDP,60,,192.168.8.126,5060,2 REGISTER,
20251030211307000199,REGISTER,SUCCESS,2025-10-30,21:13:07,21:13:07,HI99z5JnIYpovloF9FnMlQ..,sip:1002@192.168.8.126,1002,192.168.8.120,48494,,,,,,,200,OK,,,,,,,,Zoiper v2.10.20.11,sip:1002@192.168.8.120:48494;rinstance=9dc2913f4f5f1627;transport=UDP,60,,192.168.8.126,5060,2 REGISTER,
20251030211914000200,REGISTER,SUCCESS,2025-10-30,21:19:14,21:19:14,4dfsl50AiQF3Q-PumQ82rg..,sip:1002@192.168.8.126,1002,192.168.8.120,48494,,,,,,,200,OK,,,,,,,,Zoiper v2.10.20.11,sip:1002@192.168.8.120:48494;rinstance=8c34947954a1f2b2;transport=UDP,60,,192.168.8.126,5060,2 REGISTER,
20251030213504000201,REGISTER,SUCCESS,2025-10-30,21:35:04,21:35:04,-u7u0VtLFkQhGwzTbobhUg..,sip:1002@192.168.8.126,1002,192.168.8.120,48494,,,,,,,200,OK,,,,,,,,Zoiper v2.10.20.11,sip:1002@192.168.8.120:48494;rinstance=50c75472e1b7a175;transport=UDP,60,,192.168.8.126,5060,2 REGISTER,
20251030215209000202,REGISTER,SUCCESS,2025-10-30,21:52:09,21:52:09,pag_FBdsugfSUdmyGR_CZQ..,sip:1002@192.168.8.126,1002,192.168.8.120,48494,,,,,,,200,OK,,,,,,,,Zoiper v2.10.20.11,sip:1002@192.168.8.120:48494;rinstance=cea2928491755da0;transport=UDP,60,,192.168.8.126,5060,2 REGISTER,
20251030220835000203,REGISTER,SUCCESS,2025-10-30,22:08:35,22:08:35,RLhghtbSkLyXwHjSY9pE_Q..,sip:1002@192.168.8.126,1002,192.168.8.120,48494,,,,,,,200,OK,,,,,,,,Zoiper v2.10.20.11,sip:1002@192.168.8.120:48494;rinstance=39adb93a906f15ca;transport=UDP,60,,192.168.8.126,5060,2 REGISTER,
20251030222455000204,REGISTER,SUCCESS,2025-10-30,22:24:55,22:24:55,-i76BUqmLOimwahke0cXcQ..,sip:1002@192.168.8.126,1002,192.168.8.120,48494,,,,,,,200,OK,,,,,,,,Zoiper v2.10.20.11,sip:1002@192.168.8.120:48494;rinstance=242ea3bc45b9fe83;transport=UDP,60,,192.168.8.126,5060,2 REGISTER,
20251030223020000205,REGISTER,SUCCESS,2025-10-30,22:30:20,22:30:20,H_OSxobhBmlxAB85aga4OA..,sip:1002@192.168.8.126,1002,192.168.8.120,48494,,,,,,,200,OK,,,,,,,,Zoiper v2.10.20.11,sip:1002@192.168.8.120:48494;rinstance=997d369b85b1cb93;transport=UDP,60,,192.168.8.126,5060,2 REGISTER,
20251030224729000207,REGISTER,SUCCESS,2025-10-30,22:47:29,22:47:29,XAT5bO23AU1XGisgYb8Q7w..,sip:1002@192.168.8.126,1002,192.168.8.120,48494,,,,,,,200,OK,,,,,,,,Zoiper v2.10.20.11,sip:1002@192.168.8.120:48494;rinstance=aa51852fa22d2718;transport=UDP,60,,192.168.8.126,5060,2 REGISTER,
20251030230338000208,REGISTER,SUCCESS,2025-10-30,23:03:38,23:03:38,yi6JTjm4Yd3veHqglx6KGg..,sip:1002@192.168.8.126,1002,192.168.8.120,48494,,,,,,,200,OK,,,,,,,,Zoiper v2.10.20.11,sip:1002@192.168.8.120:48494;rinstance=a33c7cf7f2cadd30;transport=UDP,60,,192.168.8.126,5060,2 REGISTER,
20251030232020000209,REGISTER,SUCCESS,2025-10-30,23:20:20,23:20:20,Nywqqaf0NRcLF_BuXmnS9Q..,sip:1002@192.168.8.126,1002,192.168.8.120,48494,,,,,,,200,OK,,,,,,,,Zoiper v2.10.20.11,sip:1002@192.168.8.120:48494;rinstance=18c84c8b73ae99eb;transport=UDP,60,,192.168.8.126,5060,2 REGISTER,
20251030233147000210,REGISTER,SUCCESS,2025-10-30,23:31:47,23:31:47,vXwtESh4uy_6EGaoUuYPEg..,sip:1002@192.168.8.126,1002,192.168.8.120,48494,,,,,,,200,OK,,,,,,,,Zoiper v2.10.20.11,sip:1002@192.168.8.120:48494;rinstance=9ed15b5a2e2090e6;transport=UDP,60,,192.168.8.126,5060,2 REGISTER,
20251030234730000211,REGISTER,SUCCESS,2025-10-30,23:47:30,23:47:30,dHAE7lqXi7ur4C0yAwnnCQ..,sip:1002@192.168.8.126,1002,192.168.8.120,48494,,,,,,,200,OK,,,,,,,,Zoiper v2.10.20.11,sip:1002@192.168.8.120:48494;rinstance=6291e99af43e09e0;transport=UDP,60,,192.168.8.126,5060,2 REGISTER,
20251030230505000212,REGISTER,SUCCESS,2025-10-30,23:05:05,23:05:05,qJf1jx2VhbTxjAAGYED8xg..,sip:1002@192.168.8.126,1002,192.168.8.120,48494,,,,,,,200,OK,,,,,,,,Zoiper v2.10.20.11,sip:1002@192.168.8.120:48494;rinstance=639fd53c57f64265;transport=UDP,60,,192.168.8.126,5060,2 REGISTER,
